run_accession	sample_accession	accession	experiment_accession	base_count	fastq_bytes	fastq_ftp
DRR000019	SAMD00010984	SAMD00010984	DRX000009	2794499	2436493	ftp.sra.ebi.ac.uk/vol1/fastq/DRR000/DRR000019/DRR000019.fastq.gz
DRR000238	SAMD00003483	SAMD00003483	DRX000111	3001480	2323303	ftp.sra.ebi.ac.uk/vol1/fastq/DRR000/DRR000238/DRR000238.fastq.gz
DRR000239	SAMD00003483	SAMD00003483	DRX000111	3304893	2544071	ftp.sra.ebi.ac.uk/vol1/fastq/DRR000/DRR000239/DRR000239.fastq.gz
DRR000240	SAMD00003483	SAMD00003483	DRX000111	3293992	2516198	ftp.sra.ebi.ac.uk/vol1/fastq/DRR000/DRR000240/DRR000240.fastq.gz
DRR000241	SAMD00003483	SAMD00003483	DRX000111	2814443	2217692	ftp.sra.ebi.ac.uk/vol1/fastq/DRR000/DRR000241/DRR000241.fastq.gz
DRR000474	SAMD00016567	SAMD00016567	DRX000264	10702322	8384726	ftp.sra.ebi.ac.uk/vol1/fastq/DRR000/DRR000474/DRR000474.fastq.gz
DRR000586	SAMD00009794	SAMD00009794	DRX000341	9708915	8509852	ftp.sra.ebi.ac.uk/vol1/fastq/DRR000/DRR000586/DRR000586.fastq.gz
DRR000770	SAMD00016379	SAMD00016379	DRX000475	1467152	810321	ftp.sra.ebi.ac.uk/vol1/fastq/DRR000/DRR000770/DRR000770.fastq.gz
DRR000771	SAMD00016383	SAMD00016383	DRX000476	1509419	836277	ftp.sra.ebi.ac.uk/vol1/fastq/DRR000/DRR000771/DRR000771.fastq.gz
DRR000772	SAMD00016380	SAMD00016380	DRX000477	1707463	939469	ftp.sra.ebi.ac.uk/vol1/fastq/DRR000/DRR000772/DRR000772.fastq.gz
DRR000773	SAMD00016378	SAMD00016378	DRX000478	1499955	816386	ftp.sra.ebi.ac.uk/vol1/fastq/DRR000/DRR000773/DRR000773.fastq.gz
DRR000774	SAMD00016381	SAMD00016381	DRX000479	1795770	906013	ftp.sra.ebi.ac.uk/vol1/fastq/DRR000/DRR000774/DRR000774.fastq.gz
DRR000775	SAMD00016382	SAMD00016382	DRX000480	1773834	915184	ftp.sra.ebi.ac.uk/vol1/fastq/DRR000/DRR000775/DRR000775.fastq.gz
DRR000792	SAMD00000670	SAMD00000670	DRX000488	2171596	1125203	ftp.sra.ebi.ac.uk/vol1/fastq/DRR000/DRR000792/DRR000792.fastq.gz
DRR000793	SAMD00000670	SAMD00000670	DRX000488	1876138	868607	ftp.sra.ebi.ac.uk/vol1/fastq/DRR000/DRR000793/DRR000793.fastq.gz
DRR000794	SAMD00000670	SAMD00000670	DRX000488	4101175	1789680	ftp.sra.ebi.ac.uk/vol1/fastq/DRR000/DRR000794/DRR000794.fastq.gz
DRR000795	SAMD00000670	SAMD00000670	DRX000488	3673759	1642728	ftp.sra.ebi.ac.uk/vol1/fastq/DRR000/DRR000795/DRR000795.fastq.gz
DRR000796	SAMD00000670	SAMD00000670	DRX000488	4284986	1958909	ftp.sra.ebi.ac.uk/vol1/fastq/DRR000/DRR000796/DRR000796.fastq.gz
DRR000797	SAMD00000670	SAMD00000670	DRX000488	3936857	2040898	ftp.sra.ebi.ac.uk/vol1/fastq/DRR000/DRR000797/DRR000797.fastq.gz
DRR000798	SAMD00000670	SAMD00000670	DRX000488	3303700	1743881	ftp.sra.ebi.ac.uk/vol1/fastq/DRR000/DRR000798/DRR000798.fastq.gz
DRR000799	SAMD00000670	SAMD00000670	DRX000488	2224815	1176412	ftp.sra.ebi.ac.uk/vol1/fastq/DRR000/DRR000799/DRR000799.fastq.gz
DRR000800	SAMD00000670	SAMD00000670	DRX000488	2513883	1330081	ftp.sra.ebi.ac.uk/vol1/fastq/DRR000/DRR000800/DRR000800.fastq.gz
DRR000801	SAMD00000670	SAMD00000670	DRX000488	2841662	1575529	ftp.sra.ebi.ac.uk/vol1/fastq/DRR000/DRR000801/DRR000801.fastq.gz
DRR000802	SAMD00000670	SAMD00000670	DRX000488	3526074	1835776	ftp.sra.ebi.ac.uk/vol1/fastq/DRR000/DRR000802/DRR000802.fastq.gz
DRR000803	SAMD00000670	SAMD00000670	DRX000488	2679848	1386650	ftp.sra.ebi.ac.uk/vol1/fastq/DRR000/DRR000803/DRR000803.fastq.gz
DRR000804	SAMD00000670	SAMD00000670	DRX000488	2200770	1197301	ftp.sra.ebi.ac.uk/vol1/fastq/DRR000/DRR000804/DRR000804.fastq.gz
DRR000805	SAMD00000670	SAMD00000670	DRX000488	2391234	1314483	ftp.sra.ebi.ac.uk/vol1/fastq/DRR000/DRR000805/DRR000805.fastq.gz
DRR000806	SAMD00000670	SAMD00000670	DRX000489	3327143	1522055	ftp.sra.ebi.ac.uk/vol1/fastq/DRR000/DRR000806/DRR000806.fastq.gz
DRR000807	SAMD00000670	SAMD00000670	DRX000489	1254820	589059	ftp.sra.ebi.ac.uk/vol1/fastq/DRR000/DRR000807/DRR000807.fastq.gz
DRR000808	SAMD00000670	SAMD00000670	DRX000489	2755946	1386511	ftp.sra.ebi.ac.uk/vol1/fastq/DRR000/DRR000808/DRR000808.fastq.gz
DRR000809	SAMD00000670	SAMD00000670	DRX000489	1230686	622986	ftp.sra.ebi.ac.uk/vol1/fastq/DRR000/DRR000809/DRR000809.fastq.gz
DRR000810	SAMD00000670	SAMD00000670	DRX000489	2259907	1177865	ftp.sra.ebi.ac.uk/vol1/fastq/DRR000/DRR000810/DRR000810.fastq.gz
DRR000811	SAMD00000670	SAMD00000670	DRX000489	3244374	1758803	ftp.sra.ebi.ac.uk/vol1/fastq/DRR000/DRR000811/DRR000811.fastq.gz
DRR000812	SAMD00000670	SAMD00000670	DRX000489	2568386	1372771	ftp.sra.ebi.ac.uk/vol1/fastq/DRR000/DRR000812/DRR000812.fastq.gz
DRR000813	SAMD00000670	SAMD00000670	DRX000489	2185252	1152412	ftp.sra.ebi.ac.uk/vol1/fastq/DRR000/DRR000813/DRR000813.fastq.gz
DRR000814	SAMD00000670	SAMD00000670	DRX000489	1759	1198	ftp.sra.ebi.ac.uk/vol1/fastq/DRR000/DRR000814/DRR000814.fastq.gz
DRR000815	SAMD00000670	SAMD00000670	DRX000489	1604300	874361	ftp.sra.ebi.ac.uk/vol1/fastq/DRR000/DRR000815/DRR000815.fastq.gz
DRR000816	SAMD00000670	SAMD00000670	DRX000489	2066771	1113006	ftp.sra.ebi.ac.uk/vol1/fastq/DRR000/DRR000816/DRR000816.fastq.gz
DRR000817	SAMD00000670	SAMD00000670	DRX000489	2910446	1498521	ftp.sra.ebi.ac.uk/vol1/fastq/DRR000/DRR000817/DRR000817.fastq.gz
DRR000818	SAMD00000670	SAMD00000670	DRX000489	3199481	1573446	ftp.sra.ebi.ac.uk/vol1/fastq/DRR000/DRR000818/DRR000818.fastq.gz
DRR000819	SAMD00000670	SAMD00000670	DRX000489	2107834	1158002	ftp.sra.ebi.ac.uk/vol1/fastq/DRR000/DRR000819/DRR000819.fastq.gz
DRR000820	SAMD00000670	SAMD00000670	DRX000490	712522	315156	ftp.sra.ebi.ac.uk/vol1/fastq/DRR000/DRR000820/DRR000820.fastq.gz
DRR000821	SAMD00000670	SAMD00000670	DRX000490	2724400	1222104	ftp.sra.ebi.ac.uk/vol1/fastq/DRR000/DRR000821/DRR000821.fastq.gz
DRR000822	SAMD00000670	SAMD00000670	DRX000490	2239273	1018563	ftp.sra.ebi.ac.uk/vol1/fastq/DRR000/DRR000822/DRR000822.fastq.gz
DRR000823	SAMD00000670	SAMD00000670	DRX000490	173007	83704	ftp.sra.ebi.ac.uk/vol1/fastq/DRR000/DRR000823/DRR000823.fastq.gz
DRR000824	SAMD00000670	SAMD00000670	DRX000490	279076	130506	ftp.sra.ebi.ac.uk/vol1/fastq/DRR000/DRR000824/DRR000824.fastq.gz
DRR000825	SAMD00000670	SAMD00000670	DRX000490	462582	212946	ftp.sra.ebi.ac.uk/vol1/fastq/DRR000/DRR000825/DRR000825.fastq.gz
DRR000826	SAMD00000670	SAMD00000670	DRX000490	708023	329907	ftp.sra.ebi.ac.uk/vol1/fastq/DRR000/DRR000826/DRR000826.fastq.gz
DRR000827	SAMD00000670	SAMD00000670	DRX000490	745460	342866	ftp.sra.ebi.ac.uk/vol1/fastq/DRR000/DRR000827/DRR000827.fastq.gz
DRR000828	SAMD00000670	SAMD00000670	DRX000490	870392	400810	ftp.sra.ebi.ac.uk/vol1/fastq/DRR000/DRR000828/DRR000828.fastq.gz
DRR000829	SAMD00000670	SAMD00000670	DRX000490	538526	243055	ftp.sra.ebi.ac.uk/vol1/fastq/DRR000/DRR000829/DRR000829.fastq.gz
DRR000830	SAMD00000670	SAMD00000670	DRX000490	108438	51849	ftp.sra.ebi.ac.uk/vol1/fastq/DRR000/DRR000830/DRR000830.fastq.gz
DRR000831	SAMD00000670	SAMD00000670	DRX000490	77406	38008	ftp.sra.ebi.ac.uk/vol1/fastq/DRR000/DRR000831/DRR000831.fastq.gz
DRR000832	SAMD00000670	SAMD00000670	DRX000490	41188	20381	ftp.sra.ebi.ac.uk/vol1/fastq/DRR000/DRR000832/DRR000832.fastq.gz
DRR000835	SAMD00009826	SAMD00009826	DRX000493	19085330	7753280	ftp.sra.ebi.ac.uk/vol1/fastq/DRR000/DRR000835/DRR000835.fastq.gz
DRR000839	SAMD00002578	SAMD00002578	DRX000497	18736048	9213042	ftp.sra.ebi.ac.uk/vol1/fastq/DRR000/DRR000839/DRR000839.fastq.gz
DRR000840	SAMD00002576	SAMD00002576	DRX000498	18379931	8794752	ftp.sra.ebi.ac.uk/vol1/fastq/DRR000/DRR000840/DRR000840.fastq.gz
DRR000853	SAMD00010721	SAMD00010721	DRX000505	15997406	11955337	ftp.sra.ebi.ac.uk/vol1/fastq/DRR000/DRR000853/DRR000853.fastq.gz
DRR001103	SAMD00013915	SAMD00013915	DRX000705	12441552	8698903	ftp.sra.ebi.ac.uk/vol1/fastq/DRR001/DRR001103/DRR001103.fastq.gz
DRR001153	SAMD00009479	SAMD00009479	DRX000750	1195130	467809	ftp.sra.ebi.ac.uk/vol1/fastq/DRR001/DRR001153/DRR001153.fastq.gz
DRR001154	SAMD00009479	SAMD00009479	DRX000751	1308627	531015	ftp.sra.ebi.ac.uk/vol1/fastq/DRR001/DRR001154/DRR001154.fastq.gz
DRR001155	SAMD00010987	SAMD00010987	DRX000752	1243705	544605	ftp.sra.ebi.ac.uk/vol1/fastq/DRR001/DRR001155/DRR001155.fastq.gz
DRR001156	SAMD00010987	SAMD00010987	DRX000753	1359802	592896	ftp.sra.ebi.ac.uk/vol1/fastq/DRR001/DRR001156/DRR001156.fastq.gz
DRR001157	SAMD00003636	SAMD00003636	DRX000754	1339269	472277	ftp.sra.ebi.ac.uk/vol1/fastq/DRR001/DRR001157/DRR001157.fastq.gz
DRR001158	SAMD00003636	SAMD00003636	DRX000755	1509024	527634	ftp.sra.ebi.ac.uk/vol1/fastq/DRR001/DRR001158/DRR001158.fastq.gz
DRR001159	SAMD00006290	SAMD00006290	DRX000756	12969987	7054513	ftp.sra.ebi.ac.uk/vol1/fastq/DRR001/DRR001159/DRR001159.fastq.gz
DRR001160	SAMD00006291	SAMD00006291	DRX000757	10342660	5444099	ftp.sra.ebi.ac.uk/vol1/fastq/DRR001/DRR001160/DRR001160.fastq.gz
DRR001167	SAMD00009395	SAMD00009395	DRX000764	2669343	872142	ftp.sra.ebi.ac.uk/vol1/fastq/DRR001/DRR001167/DRR001167.fastq.gz
DRR001168	SAMD00009393	SAMD00009393	DRX000765	10096064	3301833	ftp.sra.ebi.ac.uk/vol1/fastq/DRR001/DRR001168/DRR001168.fastq.gz
DRR001169	SAMD00009394	SAMD00009394	DRX000766	1963756	663937	ftp.sra.ebi.ac.uk/vol1/fastq/DRR001/DRR001169/DRR001169.fastq.gz
DRR001170	SAMD00009396	SAMD00009396	DRX000767	2137305	706683	ftp.sra.ebi.ac.uk/vol1/fastq/DRR001/DRR001170/DRR001170.fastq.gz
DRR001207	SAMD00013519	SAMD00013519	DRX000804	14655901	4787857	ftp.sra.ebi.ac.uk/vol1/fastq/DRR001/DRR001207/DRR001207.fastq.gz
DRR001208	SAMD00013523	SAMD00013523	DRX000805	8871148	2760267	ftp.sra.ebi.ac.uk/vol1/fastq/DRR001/DRR001208/DRR001208.fastq.gz
DRR001209	SAMD00013524	SAMD00013524	DRX000806	7450326	2150448	ftp.sra.ebi.ac.uk/vol1/fastq/DRR001/DRR001209/DRR001209.fastq.gz
DRR001438	SAMD00003508	SAMD00003508	DRX000992	1154094	800972	ftp.sra.ebi.ac.uk/vol1/fastq/DRR001/DRR001438/DRR001438.fastq.gz
DRR001439	SAMD00003509	SAMD00003509	DRX000993	981290	679706	ftp.sra.ebi.ac.uk/vol1/fastq/DRR001/DRR001439/DRR001439.fastq.gz
DRR001466	SAMD00015677	SAMD00015677	DRX001020	12788005	5576939	ftp.sra.ebi.ac.uk/vol1/fastq/DRR001/DRR001466/DRR001466.fastq.gz
DRR001467	SAMD00015680	SAMD00015680	DRX001021	14606263	6136542	ftp.sra.ebi.ac.uk/vol1/fastq/DRR001/DRR001467/DRR001467.fastq.gz
DRR001468	SAMD00015681	SAMD00015681	DRX001022	13470712	4817619	ftp.sra.ebi.ac.uk/vol1/fastq/DRR001/DRR001468/DRR001468.fastq.gz
DRR001469	SAMD00015673	SAMD00015673	DRX001023	14535284	6331754	ftp.sra.ebi.ac.uk/vol1/fastq/DRR001/DRR001469/DRR001469.fastq.gz
DRR001470	SAMD00015679	SAMD00015679	DRX001024	14428053	5442981	ftp.sra.ebi.ac.uk/vol1/fastq/DRR001/DRR001470/DRR001470.fastq.gz
DRR001471	SAMD00015676	SAMD00015676	DRX001025	12752108	5450482	ftp.sra.ebi.ac.uk/vol1/fastq/DRR001/DRR001471/DRR001471.fastq.gz
DRR001472	SAMD00015678	SAMD00015678	DRX001026	14102138	5266101	ftp.sra.ebi.ac.uk/vol1/fastq/DRR001/DRR001472/DRR001472.fastq.gz
DRR001473	SAMD00015672	SAMD00015672	DRX001027	10919152	4493799	ftp.sra.ebi.ac.uk/vol1/fastq/DRR001/DRR001473/DRR001473.fastq.gz
DRR001474	SAMD00015675	SAMD00015675	DRX001028	9905515	3796629	ftp.sra.ebi.ac.uk/vol1/fastq/DRR001/DRR001474/DRR001474.fastq.gz
DRR001475	SAMD00015674	SAMD00015674	DRX001029	12660865	5551362	ftp.sra.ebi.ac.uk/vol1/fastq/DRR001/DRR001475/DRR001475.fastq.gz
DRR001476	SAMD00015682	SAMD00015682	DRX001030	13938479	5777515	ftp.sra.ebi.ac.uk/vol1/fastq/DRR001/DRR001476/DRR001476.fastq.gz
DRR001477	SAMD00015680	SAMD00015680	DRX001031	6361217	2141228	ftp.sra.ebi.ac.uk/vol1/fastq/DRR001/DRR001477/DRR001477.fastq.gz
DRR001478	SAMD00015681	SAMD00015681	DRX001032	6181624	1937750	ftp.sra.ebi.ac.uk/vol1/fastq/DRR001/DRR001478/DRR001478.fastq.gz
DRR001479	SAMD00015674	SAMD00015674	DRX001033	5078931	1970032	ftp.sra.ebi.ac.uk/vol1/fastq/DRR001/DRR001479/DRR001479.fastq.gz
DRR001480	SAMD00015682	SAMD00015682	DRX001034	2853229	977771	ftp.sra.ebi.ac.uk/vol1/fastq/DRR001/DRR001480/DRR001480.fastq.gz
DRR001481	SAMD00015681	SAMD00015681	DRX001035	10909836	3821563	ftp.sra.ebi.ac.uk/vol1/fastq/DRR001/DRR001481/DRR001481.fastq.gz
DRR001521	SAMD00009685	SAMD00009685	DRX001074	7926546	3102243	ftp.sra.ebi.ac.uk/vol1/fastq/DRR001/DRR001521/DRR001521.fastq.gz
DRR001522	SAMD00009685	SAMD00009685	DRX001074	7291858	2864430	ftp.sra.ebi.ac.uk/vol1/fastq/DRR001/DRR001522/DRR001522.fastq.gz
DRR001523	SAMD00009685	SAMD00009685	DRX001074	11330722	4456674	ftp.sra.ebi.ac.uk/vol1/fastq/DRR001/DRR001523/DRR001523.fastq.gz
DRR001524	SAMD00009685	SAMD00009685	DRX001074	10133737	4006881	ftp.sra.ebi.ac.uk/vol1/fastq/DRR001/DRR001524/DRR001524.fastq.gz
DRR001525	SAMD00009685	SAMD00009685	DRX001074	7848003	3014154	ftp.sra.ebi.ac.uk/vol1/fastq/DRR001/DRR001525/DRR001525.fastq.gz
DRR001526	SAMD00009685	SAMD00009685	DRX001074	8250975	3407058	ftp.sra.ebi.ac.uk/vol1/fastq/DRR001/DRR001526/DRR001526.fastq.gz
DRR001527	SAMD00009685	SAMD00009685	DRX001074	9951441	4218709	ftp.sra.ebi.ac.uk/vol1/fastq/DRR001/DRR001527/DRR001527.fastq.gz
DRR001528	SAMD00009685	SAMD00009685	DRX001074	6343777	2730434	ftp.sra.ebi.ac.uk/vol1/fastq/DRR001/DRR001528/DRR001528.fastq.gz
DRR001529	SAMD00009685	SAMD00009685	DRX001074	8514278	3654821	ftp.sra.ebi.ac.uk/vol1/fastq/DRR001/DRR001529/DRR001529.fastq.gz
DRR001530	SAMD00009685	SAMD00009685	DRX001074	8520112	3433280	ftp.sra.ebi.ac.uk/vol1/fastq/DRR001/DRR001530/DRR001530.fastq.gz
DRR001531	SAMD00009685	SAMD00009685	DRX001074	9068764	3566085	ftp.sra.ebi.ac.uk/vol1/fastq/DRR001/DRR001531/DRR001531.fastq.gz
DRR001532	SAMD00009685	SAMD00009685	DRX001074	50183	20284	ftp.sra.ebi.ac.uk/vol1/fastq/DRR001/DRR001532/DRR001532.fastq.gz
DRR001533	SAMD00009685	SAMD00009685	DRX001074	6736723	2656795	ftp.sra.ebi.ac.uk/vol1/fastq/DRR001/DRR001533/DRR001533.fastq.gz
DRR001534	SAMD00009685	SAMD00009685	DRX001074	5875431	2431343	ftp.sra.ebi.ac.uk/vol1/fastq/DRR001/DRR001534/DRR001534.fastq.gz
DRR001535	SAMD00009685	SAMD00009685	DRX001074	6087636	2449213	ftp.sra.ebi.ac.uk/vol1/fastq/DRR001/DRR001535/DRR001535.fastq.gz
DRR001536	SAMD00009685	SAMD00009685	DRX001074	9810619	4338559	ftp.sra.ebi.ac.uk/vol1/fastq/DRR001/DRR001536/DRR001536.fastq.gz
DRR001537	SAMD00009685	SAMD00009685	DRX001074	8979764	3714183	ftp.sra.ebi.ac.uk/vol1/fastq/DRR001/DRR001537/DRR001537.fastq.gz
DRR001538	SAMD00009685	SAMD00009685	DRX001074	10148753	4269148	ftp.sra.ebi.ac.uk/vol1/fastq/DRR001/DRR001538/DRR001538.fastq.gz
DRR001539	SAMD00009685	SAMD00009685	DRX001074	9266039	3714334	ftp.sra.ebi.ac.uk/vol1/fastq/DRR001/DRR001539/DRR001539.fastq.gz
DRR001540	SAMD00009685	SAMD00009685	DRX001074	6457429	2668164	ftp.sra.ebi.ac.uk/vol1/fastq/DRR001/DRR001540/DRR001540.fastq.gz
DRR001541	SAMD00009685	SAMD00009685	DRX001074	11754720	4906902	ftp.sra.ebi.ac.uk/vol1/fastq/DRR001/DRR001541/DRR001541.fastq.gz
DRR001542	SAMD00009685	SAMD00009685	DRX001074	9549496	3884551	ftp.sra.ebi.ac.uk/vol1/fastq/DRR001/DRR001542/DRR001542.fastq.gz
DRR001543	SAMD00009685	SAMD00009685	DRX001074	11375677	4748187	ftp.sra.ebi.ac.uk/vol1/fastq/DRR001/DRR001543/DRR001543.fastq.gz
DRR001544	SAMD00009685	SAMD00009685	DRX001074	9090388	3954826	ftp.sra.ebi.ac.uk/vol1/fastq/DRR001/DRR001544/DRR001544.fastq.gz
DRR001545	SAMD00009685	SAMD00009685	DRX001074	8910948	3639692	ftp.sra.ebi.ac.uk/vol1/fastq/DRR001/DRR001545/DRR001545.fastq.gz
DRR001546	SAMD00009685	SAMD00009685	DRX001074	8799574	3685134	ftp.sra.ebi.ac.uk/vol1/fastq/DRR001/DRR001546/DRR001546.fastq.gz
DRR001547	SAMD00009685	SAMD00009685	DRX001074	8959944	3575661	ftp.sra.ebi.ac.uk/vol1/fastq/DRR001/DRR001547/DRR001547.fastq.gz
DRR001548	SAMD00009685	SAMD00009685	DRX001074	9679841	3954091	ftp.sra.ebi.ac.uk/vol1/fastq/DRR001/DRR001548/DRR001548.fastq.gz
DRR001549	SAMD00009685	SAMD00009685	DRX001074	8502802	3541296	ftp.sra.ebi.ac.uk/vol1/fastq/DRR001/DRR001549/DRR001549.fastq.gz
DRR001550	SAMD00009685	SAMD00009685	DRX001074	8523813	3569635	ftp.sra.ebi.ac.uk/vol1/fastq/DRR001/DRR001550/DRR001550.fastq.gz
DRR001608	SAMD00009125	SAMD00009125	DRX001106	12939317	7919025	ftp.sra.ebi.ac.uk/vol1/fastq/DRR001/DRR001608/DRR001608.fastq.gz
DRR001609	SAMD00009129	SAMD00009129	DRX001107	13390485	7816594	ftp.sra.ebi.ac.uk/vol1/fastq/DRR001/DRR001609/DRR001609.fastq.gz
DRR001610	SAMD00009121	SAMD00009121	DRX001108	15860489	8052811	ftp.sra.ebi.ac.uk/vol1/fastq/DRR001/DRR001610/DRR001610.fastq.gz
DRR001611	SAMD00009124	SAMD00009124	DRX001109	6279326	3054346	ftp.sra.ebi.ac.uk/vol1/fastq/DRR001/DRR001611/DRR001611.fastq.gz
DRR001612	SAMD00009126	SAMD00009126	DRX001110	14752665	8789300	ftp.sra.ebi.ac.uk/vol1/fastq/DRR001/DRR001612/DRR001612.fastq.gz
DRR001613	SAMD00009122	SAMD00009122	DRX001111	15835424	9298187	ftp.sra.ebi.ac.uk/vol1/fastq/DRR001/DRR001613/DRR001613.fastq.gz
DRR001614	SAMD00009130	SAMD00009130	DRX001112	16256020	9845275	ftp.sra.ebi.ac.uk/vol1/fastq/DRR001/DRR001614/DRR001614.fastq.gz
DRR001615	SAMD00009120	SAMD00009120	DRX001113	13966578	7916796	ftp.sra.ebi.ac.uk/vol1/fastq/DRR001/DRR001615/DRR001615.fastq.gz
DRR001616	SAMD00009118	SAMD00009118	DRX001114	15144816	8887721	ftp.sra.ebi.ac.uk/vol1/fastq/DRR001/DRR001616/DRR001616.fastq.gz
DRR001617	SAMD00009127	SAMD00009127	DRX001115	14835711	8768252	ftp.sra.ebi.ac.uk/vol1/fastq/DRR001/DRR001617/DRR001617.fastq.gz
DRR001618	SAMD00009119	SAMD00009119	DRX001116	19573907	11851015	ftp.sra.ebi.ac.uk/vol1/fastq/DRR001/DRR001618/DRR001618.fastq.gz
DRR001619	SAMD00009123	SAMD00009123	DRX001117	13326356	7800686	ftp.sra.ebi.ac.uk/vol1/fastq/DRR001/DRR001619/DRR001619.fastq.gz
DRR001620	SAMD00009131	SAMD00009131	DRX001118	15580108	9065444	ftp.sra.ebi.ac.uk/vol1/fastq/DRR001/DRR001620/DRR001620.fastq.gz
DRR001621	SAMD00009128	SAMD00009128	DRX001119	16333197	9617243	ftp.sra.ebi.ac.uk/vol1/fastq/DRR001/DRR001621/DRR001621.fastq.gz
DRR001718	SAMD00009954	SAMD00009954	DRX001187	6212520	1906863	ftp.sra.ebi.ac.uk/vol1/fastq/DRR001/DRR001718/DRR001718.fastq.gz
DRR001719	SAMD00006236	SAMD00006236	DRX001188	5720018	2111018	ftp.sra.ebi.ac.uk/vol1/fastq/DRR001/DRR001719/DRR001719.fastq.gz
DRR001822	SAMD00011177	SAMD00011177	DRX001285	15120750	5805991	ftp.sra.ebi.ac.uk/vol1/fastq/DRR001/DRR001822/DRR001822.fastq.gz
DRR001823	SAMD00016685	SAMD00016685	DRX001286	10211945	3442262	ftp.sra.ebi.ac.uk/vol1/fastq/DRR001/DRR001823/DRR001823.fastq.gz
DRR001869	SAMD00008860	SAMD00008860	DRX001332	5979357	2242427	ftp.sra.ebi.ac.uk/vol1/fastq/DRR001/DRR001869/DRR001869.fastq.gz
DRR001899	SAMD00015668	SAMD00015668	DRX001360	5637668	3883206	ftp.sra.ebi.ac.uk/vol1/fastq/DRR001/DRR001899/DRR001899.fastq.gz
DRR001900	SAMD00015660	SAMD00015660	DRX001367	15972714	11196814	ftp.sra.ebi.ac.uk/vol1/fastq/DRR001/DRR001900/DRR001900.fastq.gz
DRR001901	SAMD00015663	SAMD00015663	DRX001369	14298569	10105778	ftp.sra.ebi.ac.uk/vol1/fastq/DRR001/DRR001901/DRR001901.fastq.gz
DRR001902	SAMD00015667	SAMD00015667	DRX001364	7309780	5045318	ftp.sra.ebi.ac.uk/vol1/fastq/DRR001/DRR001902/DRR001902.fastq.gz
DRR001903	SAMD00015664	SAMD00015664	DRX001362	3429615	1993837	ftp.sra.ebi.ac.uk/vol1/fastq/DRR001/DRR001903/DRR001903.fastq.gz
DRR001904	SAMD00015662	SAMD00015662	DRX001363	3390521	1996272	ftp.sra.ebi.ac.uk/vol1/fastq/DRR001/DRR001904/DRR001904.fastq.gz
DRR001935	SAMD00004077	SAMD00004077	DRX001396	1848800	547794	ftp.sra.ebi.ac.uk/vol1/fastq/DRR001/DRR001935/DRR001935.fastq.gz
DRR001936	SAMD00004078	SAMD00004078	DRX001397	2762028	810347	ftp.sra.ebi.ac.uk/vol1/fastq/DRR001/DRR001936/DRR001936.fastq.gz
DRR001937	SAMD00004076	SAMD00004076	DRX001398	5039534	1383340	ftp.sra.ebi.ac.uk/vol1/fastq/DRR001/DRR001937/DRR001937.fastq.gz
DRR001938	SAMD00004079	SAMD00004079	DRX001399	5876112	1537282	ftp.sra.ebi.ac.uk/vol1/fastq/DRR001/DRR001938/DRR001938.fastq.gz
DRR001939	SAMD00000639	SAMD00000639	DRX001400	4218199	1729458	ftp.sra.ebi.ac.uk/vol1/fastq/DRR001/DRR001939/DRR001939.fastq.gz
DRR002068	SAMD00009656	SAMD00009656	DRX001516	898623	613922	ftp.sra.ebi.ac.uk/vol1/fastq/DRR002/DRR002068/DRR002068.fastq.gz
DRR002069	SAMD00009655	SAMD00009655	DRX001517	1024733	582563	ftp.sra.ebi.ac.uk/vol1/fastq/DRR002/DRR002069/DRR002069.fastq.gz
DRR002070	SAMD00009657	SAMD00009657	DRX001518	1089229	732483	ftp.sra.ebi.ac.uk/vol1/fastq/DRR002/DRR002070/DRR002070.fastq.gz
DRR002071	SAMD00009661	SAMD00009661	DRX001519	1183062	697281	ftp.sra.ebi.ac.uk/vol1/fastq/DRR002/DRR002071/DRR002071.fastq.gz
DRR002072	SAMD00009660	SAMD00009660	DRX001520	1017972	679974	ftp.sra.ebi.ac.uk/vol1/fastq/DRR002/DRR002072/DRR002072.fastq.gz
DRR002073	SAMD00009659	SAMD00009659	DRX001521	4333333	2378920	ftp.sra.ebi.ac.uk/vol1/fastq/DRR002/DRR002073/DRR002073.fastq.gz
DRR002074	SAMD00009658	SAMD00009658	DRX001522	4096453	2233420	ftp.sra.ebi.ac.uk/vol1/fastq/DRR002/DRR002074/DRR002074.fastq.gz
DRR002235	SAMD00012918	SAMD00012918	DRX001659	10973277	4698412	ftp.sra.ebi.ac.uk/vol1/fastq/DRR002/DRR002235/DRR002235.fastq.gz
DRR002236	SAMD00012924	SAMD00012924	DRX001660	14010027	7144212	ftp.sra.ebi.ac.uk/vol1/fastq/DRR002/DRR002236/DRR002236.fastq.gz
DRR002237	SAMD00012922	SAMD00012922	DRX001663	20941861	11225957	ftp.sra.ebi.ac.uk/vol1/fastq/DRR002/DRR002237/DRR002237.fastq.gz
DRR002238	SAMD00012926	SAMD00012926	DRX001664	17030492	2866127	ftp.sra.ebi.ac.uk/vol1/fastq/DRR002/DRR002238/DRR002238.fastq.gz
DRR002239	SAMD00012927	SAMD00012927	DRX001661	20108476	10963542	ftp.sra.ebi.ac.uk/vol1/fastq/DRR002/DRR002239/DRR002239.fastq.gz
DRR002240	SAMD00012919	SAMD00012919	DRX001662	8450898	3412214	ftp.sra.ebi.ac.uk/vol1/fastq/DRR002/DRR002240/DRR002240.fastq.gz
DRR002241	SAMD00012925	SAMD00012925	DRX001665	14900550	4029364	ftp.sra.ebi.ac.uk/vol1/fastq/DRR002/DRR002241/DRR002241.fastq.gz
DRR002242	SAMD00012920	SAMD00012920	DRX001666	1728226	208213	ftp.sra.ebi.ac.uk/vol1/fastq/DRR002/DRR002242/DRR002242.fastq.gz
DRR002243	SAMD00012920	SAMD00012920	DRX001666	6599405	1791401	ftp.sra.ebi.ac.uk/vol1/fastq/DRR002/DRR002243/DRR002243.fastq.gz
DRR002244	SAMD00012920	SAMD00012920	DRX001666	6346536	1907053	ftp.sra.ebi.ac.uk/vol1/fastq/DRR002/DRR002244/DRR002244.fastq.gz
DRR002245	SAMD00012923	SAMD00012923	DRX001667	1600040	179224	ftp.sra.ebi.ac.uk/vol1/fastq/DRR002/DRR002245/DRR002245.fastq.gz
DRR002246	SAMD00012923	SAMD00012923	DRX001667	7528796	2456625	ftp.sra.ebi.ac.uk/vol1/fastq/DRR002/DRR002246/DRR002246.fastq.gz
DRR002247	SAMD00012923	SAMD00012923	DRX001667	6389723	2673806	ftp.sra.ebi.ac.uk/vol1/fastq/DRR002/DRR002247/DRR002247.fastq.gz
DRR002248	SAMD00012921	SAMD00012921	DRX001668	2286142	219758	ftp.sra.ebi.ac.uk/vol1/fastq/DRR002/DRR002248/DRR002248.fastq.gz
DRR002249	SAMD00012921	SAMD00012921	DRX001668	9189475	2751254	ftp.sra.ebi.ac.uk/vol1/fastq/DRR002/DRR002249/DRR002249.fastq.gz
DRR002250	SAMD00012921	SAMD00012921	DRX001668	7251561	3024730	ftp.sra.ebi.ac.uk/vol1/fastq/DRR002/DRR002250/DRR002250.fastq.gz
DRR002472	SAMD00002806	SAMD00002806	DRX001857	4036543	3226032	ftp.sra.ebi.ac.uk/vol1/fastq/DRR002/DRR002472/DRR002472.fastq.gz
DRR002614	SAMD00009369	SAMD00009369	DRX001962	1550744	530570	ftp.sra.ebi.ac.uk/vol1/fastq/DRR002/DRR002614/DRR002614.fastq.gz
DRR002615	SAMD00009374	SAMD00009374	DRX001963	1463894	509106	ftp.sra.ebi.ac.uk/vol1/fastq/DRR002/DRR002615/DRR002615.fastq.gz
DRR002616	SAMD00009372	SAMD00009372	DRX001964	1190516	432341	ftp.sra.ebi.ac.uk/vol1/fastq/DRR002/DRR002616/DRR002616.fastq.gz
DRR002617	SAMD00009371	SAMD00009371	DRX001965	1346849	490701	ftp.sra.ebi.ac.uk/vol1/fastq/DRR002/DRR002617/DRR002617.fastq.gz
DRR002618	SAMD00009373	SAMD00009373	DRX001966	2953182	1064422	ftp.sra.ebi.ac.uk/vol1/fastq/DRR002/DRR002618/DRR002618.fastq.gz
DRR002619	SAMD00009370	SAMD00009370	DRX001967	1898565	701796	ftp.sra.ebi.ac.uk/vol1/fastq/DRR002/DRR002619/DRR002619.fastq.gz
DRR002654	SAMD00004161	SAMD00004161	DRX001991	3281651	1317536	ftp.sra.ebi.ac.uk/vol1/fastq/DRR002/DRR002654/DRR002654.fastq.gz
DRR002655	SAMD00009499	SAMD00009499	DRX001992	3391059	1250967	ftp.sra.ebi.ac.uk/vol1/fastq/DRR002/DRR002655/DRR002655.fastq.gz
DRR002669	SAMD00013656	SAMD00013656	DRX002006	4333477	1303562	ftp.sra.ebi.ac.uk/vol1/fastq/DRR002/DRR002669/DRR002669.fastq.gz
DRR002670	SAMD00003105	SAMD00003105	DRX002007	4422365	1419922	ftp.sra.ebi.ac.uk/vol1/fastq/DRR002/DRR002670/DRR002670.fastq.gz
DRR002671	SAMD00004644	SAMD00004644	DRX002008	3207804	934319	ftp.sra.ebi.ac.uk/vol1/fastq/DRR002/DRR002671/DRR002671.fastq.gz
DRR002672	SAMD00006323	SAMD00006323	DRX002009	6676788	2151264	ftp.sra.ebi.ac.uk/vol1/fastq/DRR002/DRR002672/DRR002672.fastq.gz
DRR002673	SAMD00010699	SAMD00010699	DRX002010	5611003	1804604	ftp.sra.ebi.ac.uk/vol1/fastq/DRR002/DRR002673/DRR002673.fastq.gz
DRR002674	SAMD00013987	SAMD00013987	DRX002011	7540672	2881134	ftp.sra.ebi.ac.uk/vol1/fastq/DRR002/DRR002674/DRR002674.fastq.gz
DRR002675	SAMD00013515	SAMD00013515	DRX002012	8387800	3221574	ftp.sra.ebi.ac.uk/vol1/fastq/DRR002/DRR002675/DRR002675.fastq.gz
DRR002676	SAMD00009961	SAMD00009961	DRX002013	8686598	2846117	ftp.sra.ebi.ac.uk/vol1/fastq/DRR002/DRR002676/DRR002676.fastq.gz
DRR002677	SAMD00012238	SAMD00012238	DRX002014	6354188	2165584	ftp.sra.ebi.ac.uk/vol1/fastq/DRR002/DRR002677/DRR002677.fastq.gz
DRR002678	SAMD00012835	SAMD00012835	DRX002015	7049081	2678045	ftp.sra.ebi.ac.uk/vol1/fastq/DRR002/DRR002678/DRR002678.fastq.gz
DRR002679	SAMD00003138	SAMD00003138	DRX002016	8825880	2547569	ftp.sra.ebi.ac.uk/vol1/fastq/DRR002/DRR002679/DRR002679.fastq.gz
DRR002680	SAMD00013812	SAMD00013812	DRX002017	11492978	3612661	ftp.sra.ebi.ac.uk/vol1/fastq/DRR002/DRR002680/DRR002680.fastq.gz
DRR002681	SAMD00010917	SAMD00010917	DRX002018	11217559	3515169	ftp.sra.ebi.ac.uk/vol1/fastq/DRR002/DRR002681/DRR002681.fastq.gz
